GEOID,Neighborhoods_Code
"36081046200",Jamaica
"36081045000",Briarwood-Jamaica Hills
"36081045400",Briarwood-Jamaica Hills
"36081045500",Corona
"36081045600",Briarwood-Jamaica Hills
"36081044602",Jamaica
"36081044800",Briarwood-Jamaica Hills
"36081045800",Jamaica Estates-Holliswood
"36081046600",Jamaica Estates-Holliswood
"36081046300",Elmhurst
"36081046400",Jamaica Estates-Holliswood
"36081046500",Elmhurst
"36081046700",Elmhurst
"36081046800",Jamaica
"36081046900",Elmhurst
"36081047300",Elmhurst
"36081047000",Jamaica
"36081047100",Elmhurst
"36081047200",Jamaica Estates-Holliswood
"36081047500",Elmhurst
"36081004500",Astoria
"36081004700",Astoria
"36081005000",Ozone Park
"36081005300",Astoria
"36081036700",East Elmhurst
"36081005400",Ozone Park
"36081005800",Ozone Park
"36081006100",Astoria
"36081030904",Jackson Heights
"36081043702",Corona
"36081044301",Corona
"36081036500",East Elmhurst
"36081036600",St. Albans
"36081035800",Laurelton
"36081036800",St. Albans
"36081037100",East Elmhurst
"36081037300",East Elmhurst
"36081037600",St. Albans
"36081038100",North Corona
"36081008100",Old Astoria
"36081007700",Astoria
"36081008600",Ozone Park
"36081008700",Old Astoria
"36081008800",Ozone Park
"36081007900",Old Astoria
"36081008300",Old Astoria
"36081009100",Old Astoria
"36081009400",South Ozone Park
"36081009500",Steinway
"36081009600",South Ozone Park
"36081009800",South Ozone Park
"36081010600",South Ozone Park
"36081009900",park-cemetery-etc-Queens
"36081034700",Jackson Heights
"36081035200",St. Albans
"36081035300",East Elmhurst
"36081043900",Corona
"36081044000",South Jamaica
"36081044601",Jamaica
"36081007500",Astoria
"36081006300",Astoria
"36081007100",Old Astoria
"36081010000",South Ozone Park
"36081010300",Steinway
"36081010500",Steinway
"36081010701",Steinway
"36081011000",Richmond Hill
"36081011200",Richmond Hill
"36081011300",Steinway
"36081010200",South Ozone Park
"36081011500",Steinway
"36081011700",Steinway
"36081011800",Richmond Hill
"36085014605",Great Kills
"36085014606",Great Kills
"36085015100",Westerleigh
"36085015601",Great Kills
"36085015602",Annadale-Huguenot-Prince's Bay-Eltingville
"36085015603",Great Kills
"36085016901",Westerleigh
"36085000800",Stapleton-Rosebank
"36085014700",Westerleigh
"36085020100",Westerleigh
"36085031902",Mariner's Harbor-Arlington-Port Ivory-Graniteville
"36085000300",West New Brighton-New Brighton-St. George
"36085000600",Stapleton-Rosebank
"36085001100",West New Brighton-New Brighton-St. George
"36085002900",Stapleton-Rosebank
"36085001700",Stapleton-Rosebank
"36085002002",Grasmere-Arrochar-Ft. Wadsworth
"36085002100",Stapleton-Rosebank
"36085003300",Grymes Hill-Clifton-Fox Hills
"36085017700",Todt Hill-Emerson Hill-Heartland Village-Lighthouse Hill
"36085017005",Annadale-Huguenot-Prince's Bay-Eltingville
"36085017007",Arden Heights
"36085017008",Arden Heights
"36085017300",New Springville-Bloomfield-Travis
"36085017600",Annadale-Huguenot-Prince's Bay-Eltingville
"36047076400",Flatbush
"36047010400",Sunset Park East
"36047051300",North Side-South Side
"36047040700",park-cemetery-etc-Brooklyn
"36047014300",Park Slope-Gowanus
"36047018400",Bensonhurst West
"36047029600",Bensonhurst West
"36047028300",Stuyvesant Heights
"36047015500",Park Slope-Gowanus
"36047021300",Crown Heights South
"36047038100",Crown Heights North
"36047070600",Georgetown-Marine Park-Bergen Beach-Mill Basin
"36047008000",Sunset Park West
"36047114202",Cypress Hills-City Line
"36047005601",Bay Ridge
"36047003600",Bay Ridge
"36047093800",Rugby-Remsen Village
"36047064800",Georgetown-Marine Park-Bergen Beach-Mill Basin
"36047025902",Bedford
"36047034000",Seagate-Coney Island
"36047086600",Rugby-Remsen Village
"36047110600",East New York
"36047117601",Cypress Hills-City Line
"36047059402",Sheepshead Bay-Gerritsen Beach-Manhattan Beach
"36047043600",Bensonhurst East
"36047057200",Sheepshead Bay-Gerritsen Beach-Manhattan Beach
"36047053200",Midwood
"36047050202",Windsor Terrace
"36047050400",Windsor Terrace
"36047050500",East Williamsburg
"36047050600",Flatbush
"36047050700",Bedford
"36047051100",East Williamsburg
"36047051200",Flatbush
"36047075000",Midwood
"36047018800",Bensonhurst West
"36047025800",Bensonhurst West
"36047049500",East Williamsburg
"36047088800",Rugby-Remsen Village
"36047011800",Sunset Park East
"36047022900",Clinton Hill
"36047040100",Bushwick South
"36047112000",East New York
"36047058600",Sheepshead Bay-Gerritsen Beach-Manhattan Beach
"36047005800",Bay Ridge
"36047014000",Dyker Heights
"36047014800",Dyker Heights
"36047021500",Prospect Heights
"36047064200",Madison
"36047030900",Crown Heights North
"36047082400",Erasmus
"36047038500",Stuyvesant Heights
"36047094402",Flatlands
"36047024300",Bedford
"36047003800",Bay Ridge
"36047033300",Crown Heights South
"36047003500",Fort Greene
"36047009200",Sunset Park East
"36047051900",North Side-South Side
"36047051400",Flatbush
"36047052600",Flatbush
"36047051500",North Side-South Side
"36047051700",North Side-South Side
"36047051800",Flatbush
"36047052000",Flatbush
"36047053000",Midwood
"36047052300",North Side-South Side
"36047052700",North Side-South Side
"36047052900",Williamsburg
"36047053100",Bedford
"36047053300",Williamsburg
"36047053400",Midwood
"36047053500",Williamsburg
"36047111800",East New York
"36047067000",Georgetown-Marine Park-Bergen Beach-Mill Basin
"36047025500",Bedford
"36047029400",Bensonhurst West
"36047027900",Stuyvesant Heights
"36047062600",Sheepshead Bay-Gerritsen Beach-Manhattan Beach
"36047005100",Carroll Gardens-Columbia Street-Red Hook
"36047021600",Borough Park
"36047009400",Sunset Park East
"36047020500",Prospect Heights
"36047015700",Park Slope-Gowanus
"36047003300",Fort Greene
"36047040800",Bensonhurst East
"36047050900",Williamsburg
"36047026900",Bedford
"36047045600",Midwood
"36047035300",Crown Heights North
"36047100600",Canarsie
"36047040600",Bensonhurst East
"36047084800",Rugby-Remsen Village
"36047010800",Sunset Park East
"36047056000",Madison
"36047023200",Borough Park
"36047091600",Brownsville
"36047048900",Bushwick South
"36047013300",Park Slope-Gowanus
"36047054500",Williamsburg
"36047006200",Bay Ridge
"36005022102",West Concourse
"36005014701",Claremont-Bathgate
"36005017901",East Concourse-Concourse Village
"36005018301",East Concourse-Concourse Village
"36005023703",Fordham South
"36005026702",Van Cortlandt Village
"36005023702",Bedford Park-Fordham North
"36005033201",Bronxdale
"36005040303",Van Cortlandt Village
"36005021700",University Heights-Morris Heights
"36005040302",Bedford Park-Fordham North
"36005006300",West Concourse
"36005007600",West Farms-Bronx River
"36005009000",Soundview-Castle Hill-Clason Point-Harding Park
"36047055400",Homecrest
"36005015900",Hunts Point
"36005005001",Soundview-Bruckner
"36047053700",Williamsburg
"36047054700",North Side-South Side
"36047054800",Madison
"36047053900",Williamsburg
"36047054300",park-cemetery-etc-Brooklyn
"36047054400",Midwood
"36047054900",North Side-South Side
"36047055000",Madison
"36047055300",North Side-South Side
"36047055500",North Side-South Side
"36047055600",Homecrest
"36047055700",North Side-South Side
"36047056200",Madison
"36047026800",Bensonhurst West
"36047056300",Greenpoint
"36047056400",Madison
"36047008200",Sunset Park West
"36047028900",Stuyvesant Heights
"36047078400",East Flatbush-Farragut
"36047057100",Greenpoint
"36047030300",Ocean Hill
"36047086200",Rugby-Remsen Village
"36047111000",East New York
"36047004300",DUMBO-Vinegar Hill-Downtown Brooklyn-Boerum Hill
"36047031702",Crown Heights North
"36047033700",Crown Heights North
"36047043800",Ocean Parkway South
"36047035100",Crown Heights North
"36047036100",Ocean Hill
"36047038300",Stuyvesant Heights
"36047039400",Homecrest
"36047042400",Bensonhurst East
"36047044700",Bushwick North
"36047047200",Borough Park
"36047049100",East Williamsburg
"36047050300",East Williamsburg
"36047055200",Madison
"36047056600",Madison
"36047056500",Greenpoint
"36047057500",Greenpoint
"36047057600",Madison
"36047056800",Madison
"36047056900",Greenpoint
"36047057800",Madison
"36047057000",Sheepshead Bay-Gerritsen Beach-Manhattan Beach
"36047057300",Greenpoint
"36047059000",Sheepshead Bay-Gerritsen Beach-Manhattan Beach
"36047057900",Greenpoint
"36047058000",Madison
"36047058800",Homecrest
"36047059401",Sheepshead Bay-Gerritsen Beach-Manhattan Beach
"36047083600",East Flatbush-Farragut
"36047085400",East Flatbush-Farragut
"36047084000",East Flatbush-Farragut
"36047085000",East Flatbush-Farragut
"36047085200",park-cemetery-etc-Brooklyn
"36047090800",Brownsville
"36047090000",Brownsville
"36047092000",Brownsville
"36047090200",Brownsville
"36047090600",Brownsville
"36047091000",Brownsville
"36047093400",Rugby-Remsen Village
"36047091800",Brownsville
"36047092200",Brownsville
"36047093000",Rugby-Remsen Village
"36047093600",Rugby-Remsen Village
"36047065600",Georgetown-Marine Park-Bergen Beach-Mill Basin
"36047058900",Greenpoint
"36047059200",Sheepshead Bay-Gerritsen Beach-Manhattan Beach
"36047060600",Sheepshead Bay-Gerritsen Beach-Manhattan Beach
"36047063200",Sheepshead Bay-Gerritsen Beach-Manhattan Beach
"36047059100",Greenpoint
"36047069000",Flatlands
"36047080000",Prospect Lefferts Gardens-Wingate
"36047073000",Flatlands
"36047074200",Flatlands
"36047078000",East Flatbush-Farragut
"36047084600",Rugby-Remsen Village
"36047087200",East Flatbush-Farragut
"36047088000",Prospect Lefferts Gardens-Wingate
"36047091200",Brownsville
"36047098200",Canarsie
"36047099200",Canarsie
"36047102800",Canarsie
"36047115000",East New York
"36047015000",Dyker Heights
"36047116200",East New York
"36047119000",Cypress Hills-City Line
"36047000100",Brooklyn Heights-Cobble Hill
"36047000200",Sunset Park West
"36047000301",Brooklyn Heights-Cobble Hill
"36047014200",Bay Ridge
"36047014500",Sunset Park West
"36047014700",Sunset Park West
"36047014900",Park Slope-Gowanus
"36047015300",Park Slope-Gowanus
"36047015400",park-cemetery-etc-Brooklyn
"36047014100",Park Slope-Gowanus
"36047016300",Prospect Heights
"36047015900",Park Slope-Gowanus
"36047016100",Prospect Heights
"36047016200",Bay Ridge
"36047016400",Bay Ridge
"36047016500",Park Slope-Gowanus
"36047016700",Park Slope-Gowanus
"36047016800",Bath Beach
"36047016900",Windsor Terrace
"36047017500",park-cemetery-etc-Brooklyn
"36047017100",Windsor Terrace
"36047017200",Bath Beach
"36047017400",Bath Beach
"36047088200",Rugby-Remsen Village
"36047085600",East Flatbush-Farragut
"36047086000",East Flatbush-Farragut
"36047086400",Rugby-Remsen Village
"36047087000",East Flatbush-Farragut
"36047087401",Prospect Lefferts Gardens-Wingate
"36047087600",Prospect Lefferts Gardens-Wingate
"36047087800",Prospect Lefferts Gardens-Wingate
"36047062800",Sheepshead Bay-Gerritsen Beach-Manhattan Beach
"36047059800",Sheepshead Bay-Gerritsen Beach-Manhattan Beach
"36047061002",Brighton Beach
"36047061200",Sheepshead Bay-Gerritsen Beach-Manhattan Beach
"36047060000",Sheepshead Bay-Gerritsen Beach-Manhattan Beach
"36047060800",Sheepshead Bay-Gerritsen Beach-Manhattan Beach
"36047061600",Sheepshead Bay-Gerritsen Beach-Manhattan Beach
"36047062200",Sheepshead Bay-Gerritsen Beach-Manhattan Beach
"36047063600",Georgetown-Marine Park-Bergen Beach-Mill Basin
"36047063800",Madison
"36047064000",Georgetown-Marine Park-Bergen Beach-Mill Basin
"36047064400",Georgetown-Marine Park-Bergen Beach-Mill Basin
"36047065000",Flatlands
"36047095600",Canarsie
"36047094401",Flatlands
"36047095000",Canarsie
"36047095400",Canarsie
"36005039901",Bedford Park-Fordham North
"36005044902",Woodlawn-Wakefield
"36005025100",University Heights-Morris Heights
"36005022404",Pelham Parkway
"36005023704",Fordham South
"36005015300",Crotona Park East
"36047001300",DUMBO-Vinegar Hill-Downtown Brooklyn-Boerum Hill
"36047000700",Brooklyn Heights-Cobble Hill
"36047000900",Brooklyn Heights-Cobble Hill
"36047001100",DUMBO-Vinegar Hill-Downtown Brooklyn-Boerum Hill
"36047001800",Sunset Park West
"36047002000",Sunset Park West
"36047003100",Fort Greene
"36047002100",DUMBO-Vinegar Hill-Downtown Brooklyn-Boerum Hill
"36047002200",Sunset Park West
"36047002901",Fort Greene
"36047003400",Bay Ridge
"36047003700",DUMBO-Vinegar Hill-Downtown Brooklyn-Boerum Hill
"36047003900",DUMBO-Vinegar Hill-Downtown Brooklyn-Boerum Hill
"36005004600",Soundview-Castle Hill-Clason Point-Harding Park
"36005014100",Morrisania-Melrose
"36005033000",Bronxdale
"36005021100",Highbridge
"36005005902",East Concourse-Concourse Village
"36005019500",West Concourse
"36005028100",Van Cortlandt Village
"36005022701",Mount Hope
"36005031600",Allerton-Pelham Gardens
"36005028600",Van Nest-Morris Park-Westchester Square
"36005016400",Schuylerville-Throgs Neck-Edgewater Park
"36005036800",Williamsbridge-Olinville
"36005006000",Crotona Park East
"36005037600",Williamsbridge-Olinville
"36005023301",Mount Hope
"36005004001",Soundview-Bruckner
"36005042800",Woodlawn-Wakefield
"36005006900",Melrose South-Mott Haven North
"36005003100",Mott Haven-Port Morris
"36005039000",Williamsbridge-Olinville
"36005038800",Williamsbridge-Olinville
"36005005600",West Farms-Bronx River
"36005014500",Claremont-Bathgate
"36047018000",Bath Beach
"36047017700",park-cemetery-etc-Brooklyn
"36047017800",Bath Beach
"36047017900",Fort Greene
"36047018200",Bensonhurst West
"36047018700",Fort Greene
"36047018300",Fort Greene
"36047018501",Fort Greene
"36047018600",Bensonhurst West
"36047019000",Bensonhurst West
"36047019100",Clinton Hill
"36047019200",Borough Park
"36047019600",Dyker Heights
"36047019700",Clinton Hill
"36047019800",Dyker Heights
"36047019900",Clinton Hill
"36047020000",Dyker Heights
"36047020300",Prospect Heights
"36005020601",Westchester-Unionport
"36047020400",Dyker Heights
"36047020600",Dyker Heights
"36047020700",Prospect Heights
"36005026300",Kingsbridge Heights
"36005029700",Spuyten Duyvil-Kingsbridge
"36005043100",Norwood
"36005042000",Williamsbridge-Olinville
"36005015800",Schuylerville-Throgs Neck-Edgewater Park
"36005007400",Soundview-Castle Hill-Clason Point-Harding Park
"36005028800",Pelham Parkway
"36005022902",Mount Hope
"36005013300",Morrisania-Melrose
"36005017100",park-cemetery-etc-Bronx
"36005045101",Woodlawn-Wakefield
"36005008300",Longwood
"36005040400",Williamsbridge-Olinville
"36005046000",Eastchester-Edenwald-Baychester
"36005022800",Pelham Parkway
"36005025200",Van Nest-Morris Park-Westchester Square
"36005023501",Mount Hope
"36005036501",East Tremont
"36005021601",West Farms-Bronx River
"36005040304",Van Cortlandt Village
"36005003800",Soundview-Castle Hill-Clason Point-Harding Park
"36005020400",Westchester-Unionport
"36005003300",Mott Haven-Port Morris
"36047021800",Borough Park
"36005037100",East Tremont
"36005013100",Longwood
"36047020800",Dyker Heights
"36047021000",Dyker Heights
"36047021400",Borough Park
"36047021900",Crown Heights North
"36081019400",South Jamaica
"36081020500",Hunters Point-Sunnyside-West Maspeth
"36081095400",Hammels-Arverne-Edgemere
"36081127700",Jamaica Estates-Holliswood
"36081042400",St. Albans
"36081025400",South Jamaica
"36081062200",Cambria Heights
"36081079702",Flushing
"36081990100",park-cemetery-etc-Queens
"36081030600",Springfield Gardens South-Brookville
"36081013200",Richmond Hill
"36081012200",Richmond Hill
"36081012301",Steinway
"36081012400",Richmond Hill
"36081012602",Richmond Hill
"36081013700",Steinway
"36081013400",Kew Gardens
"36081013500",Steinway
"36081013600",Kew Gardens
"36081013800",Kew Gardens
"36081014000",Kew Gardens
"36081014202",Richmond Hill
"36081015400",Richmond Hill
"36081014500",Astoria
"36081015000",Richmond Hill
"36081015200",Richmond Hill
"36081015500",Astoria
"36081018502",Hunters Point-Sunnyside-West Maspeth
"36081015600",Richmond Hill
"36081015700",Astoria
"36081014700",Astoria
"36081014800",Richmond Hill
"36081014900",Astoria
"36081016300",Astoria
"36081016600",South Ozone Park
"36081016800",South Ozone Park
"36081017200",South Ozone Park
"36081016900",Hunters Point-Sunnyside-West Maspeth
"36081017000",South Ozone Park
"36081017100",Hunters Point-Sunnyside-West Maspeth
"36081017400",South Ozone Park
"36081017600",South Ozone Park
"36081018000",South Ozone Park
"36081025301",Hunters Point-Sunnyside-West Maspeth
"36081020800",Jamaica
"36081018200",Baisley Park
"36081025302",Hunters Point-Sunnyside-West Maspeth
"36081018401",Baisley Park
"36081018700",Hunters Point-Sunnyside-West Maspeth
"36081018402",Baisley Park
"36081018600",Baisley Park
"36081018800",Baisley Park
"36081026902",Elmhurst
"36081019200",Baisley Park
"36081030903",Jackson Heights
"36081019600",South Jamaica
"36081018900",Hunters Point-Sunnyside-West Maspeth
"36081019000",Baisley Park
"36081020400",Jamaica
"36081020600",Jamaica
"36081021200",Jamaica
"36081021400",Briarwood-Jamaica Hills
"36081021600",Kew Gardens
"36081023000",Briarwood-Jamaica Hills
"36081021900",Hunters Point-Sunnyside-West Maspeth
"36081022001",Briarwood-Jamaica Hills
"36081022900",park-cemetery-etc-Queens
"36081043701",Corona
"36081061302",Ridgewood
"36081071306",Forest Hills
"36081077906",Kew Gardens Hills
"36081057900",Glendale
"36081058000",Queens Village
"36081058100",Ridgewood
"36081058900",Ridgewood
"36081049200",Jamaica Estates-Holliswood
"36081090700",College Point
"36081091601",Breezy Point-Belle Harbor-Rockaway Park-Broad Channel
"36081092800",Breezy Point-Belle Harbor-Rockaway Park-Broad Channel
"36081092900",College Point
"36081091602",park-cemetery-etc-Queens
"36081091800",park-cemetery-etc-Queens
"36081092200",Breezy Point-Belle Harbor-Rockaway Park-Broad Channel
"36081093800",Breezy Point-Belle Harbor-Rockaway Park-Broad Channel
"36081049600",Queens Village
"36081049301",Maspeth
"36081049302",Maspeth
"36081049500",Maspeth
"36081059100",Ridgewood
"36081049700",Maspeth
"36081049900",Elmhurst
"36081060100",Maspeth
"36081059200",Cambria Heights
"36081059800",Cambria Heights
"36081059300",Ridgewood
"36081059400",Cambria Heights
"36081059500",Ridgewood
"36081059900",Maspeth
"36081060800",Cambria Heights
"36081060000",Cambria Heights
"36081060600",Cambria Heights
"36081060701",Middle Village
"36081061400",Cambria Heights
"36081061602",Rosedale
"36081051800",St. Albans
"36081051500",Maspeth
"36081051600",Queens Village
"36081051700",Maspeth
"36081050000",Hollis
"36081052100",Maspeth
"36081052200",St. Albans
"36081050201",Hollis
"36081051000",Hollis
"36081050500",Middle Village
"36081050700",Middle Village
"36081050800",Hollis
"36081051100",Maspeth
"36081062000",Laurelton
"36081051300",Maspeth
"36081080301",Queensboro Hill
"36081080302",Queensboro Hill
"36081080900",Kew Gardens Hills
"36081081400",South Ozone Park
"36081081800",South Ozone Park
"36081052400",St. Albans
"36081052800",St. Albans
"36081053000",St. Albans
"36081061800",Laurelton
"36081061900",Middle Village
"36081062100",Middle Village
"36081063302",Glendale
"36081062400",park-cemetery-etc-Queens
"36081062600",Laurelton
"36081062700",Glendale
"36081062900",Glendale
"36081083700",Queensboro Hill
"36081083800",South Ozone Park
"36081084000",South Ozone Park
"36081084500",Flushing
"36081084601",South Ozone Park
"36081053401",Cambria Heights
"36081053900",Ridgewood
"36081053500",Maspeth
"36081053601",Queens Village
"36081054000",Queens Village
"36081063700",Glendale
"36081063800",Rosedale
"36081063900",Glendale
"36081064101",Woodhaven
"36081064102",park-cemetery-etc-Queens
"36081063301",Glendale
"36081063500",Glendale
"36081064500",Forest Hills
"36081086400",South Ozone Park
"36081064600",Laurelton
"36081065000",Laurelton
"36081084602",South Ozone Park
"36081086100",East Flushing
"36081086300",Murray Hill
"36081086500",Flushing
"36081087100",Flushing
"36081088400",Lindenwood-Howard Beach
"36081088901",Flushing
"36081089200",Lindenwood-Howard Beach
"36081054500",Ridgewood
"36081054200",Queens Village
"36081054700",Ridgewood
"36081054800",Queens Village
"36081065600",Rosedale
"36081065400",Rosedale
"36081065702",Middle Village
"36081065900",Middle Village
"36081066000",Rosedale
"36081047600",Jamaica Estates-Holliswood
"36081047800",Jamaica Estates-Holliswood
"36081047900",Elmhurst-Maspeth
"36081048300",Elmhurst-Maspeth
"36081048500",Elmhurst-Maspeth
"36081048900",Elmhurst-Maspeth
"36081056700",Glendale
"36081055900",Ridgewood
"36081056100",park-cemetery-etc-Queens
"36081056500",Glendale
"36081055200",Queens Village
"36081056800",Queens Village
"36081055300",Ridgewood
"36081055400",Queens Village
"36081055500",Ridgewood
"36081055700",Ridgewood
"36081055800",Queens Village
"36081057700",Glendale
"36081066501",Middle Village
"36081067700",Middle Village
"36081068000",Springfield Gardens South-Brookville
"36081068700",Rego Park
"36081068200",Laurelton
"36081066300",Middle Village
"36081066400",Rosedale
"36081069000",Springfield Gardens South-Brookville
"36081069500",Rego Park
"36081069300",Rego Park
"36081069400",Springfield Gardens South-Brookville
"36081069701",Rego Park
"36081145101",Auburndale
"36081138501",Oakland Gardens
"36081138502",park-cemetery-etc-Queens
"36081143500",Bayside-Bayside Hills
"36081144100",Bayside-Bayside Hills
"36081144700",Bayside-Bayside Hills
"36081145102",Bayside-Bayside Hills
"36081139900",Bayside-Bayside Hills
"36081140901",Bayside-Bayside Hills
"36081140902",Auburndale
"36081142900",Auburndale
"36081150701",Douglas Manor-Douglaston-Little Neck
"36081146300",Bayside-Bayside Hills
"36081146700",Bayside-Bayside Hills
"36081147100",Bayside-Bayside Hills
"36081147900",Douglas Manor-Douglaston-Little Neck
"36081148300",Douglas Manor-Douglaston-Little Neck
"36081073100",Forest Hills
"36081071600",Airport
"36081069702",Rego Park
"36081070700",Forest Hills
"36081071100",Forest Hills
"36081072900",Forest Hills
"36081073900",Forest Hills
"36081074300",Forest Hills
"36081074500",Forest Hills
"36081076902",Forest Hills
"36081073700",Forest Hills
"36081077300",Kew Gardens
"36081077500",Kew Gardens
"36081078800",Baisley Park
"36081077902",Kew Gardens Hills
"36081077903",Kew Gardens Hills
"36081077905",Kew Gardens Hills
"36081079200",Baisley Park
"36081079300",park-cemetery-etc-Queens
"36081079900",Queensboro Hill
"36081156700",Bellerose
"36081150702",Douglas Manor-Douglaston-Little Neck
"36081152901",Douglas Manor-Douglaston-Little Neck
"36081152902",Douglas Manor-Douglaston-Little Neck
"36081155101",Glen Oaks-Floral Park-New Hyde Park
"36081155102",Glen Oaks-Floral Park-New Hyde Park
"36081157903",Glen Oaks-Floral Park-New Hyde Park
"36081157101",Bellerose
"36081157901",Glen Oaks-Floral Park-New Hyde Park
"36081157902",Glen Oaks-Floral Park-New Hyde Park
"36081161700",Bellerose
"36081162100",Bellerose
"36081037900",North Corona
"36081048200",Hollis
"36081048400",Hollis
"36081119500",East Flushing
"36081119300",East Flushing
"36081119900",East Flushing
"36081120500",East Flushing
"36081120700",East Flushing
"36081121500",Queensboro Hill
"36081122300",Pomonok-Flushing Heights-Hillcrest
"36081122701",Pomonok-Flushing Heights-Hillcrest
"36081122702",Pomonok-Flushing Heights-Hillcrest
"36081124100",Pomonok-Flushing Heights-Hillcrest
"36081125700",Kew Gardens Hills
"36081126500",Pomonok-Flushing Heights-Hillcrest
"36081079000",Baisley Park
"36081126700",Pomonok-Flushing Heights-Hillcrest
"36081128300",park-cemetery-etc-Queens
"36081130100",Bellerose
"36081056600",Queens Village
"36081115100",Murray Hill
"36081120300",East Flushing
"36081066100",Middle Village
"36081103300",Whitestone
"36081133300",Fresh Meadows-Utopia
"36081134100",Fresh Meadows-Utopia
"36081134700",Fresh Meadows-Utopia
"36081136700",Oakland Gardens
"36081101002",Far Rockaway-Bayswater
"36081101700",Ft. Totten-Bay Terrace-Clearview
"36081115500",Murray Hill
"36081093900",College Point
"36081094201",Breezy Point-Belle Harbor-Rockaway Park-Broad Channel
"36081094202",Hammels-Arverne-Edgemere
"36081094203",Hammels-Arverne-Edgemere
"36081117100",Murray Hill
"36081116100",Flushing
"36081116700",Murray Hill
"36081117500",Murray Hill
"36081118100",Auburndale
"36081119100",East Flushing
"36085020700",Port Richmond
"36085017010",Arden Heights
"36085007700",West New Brighton-New Brighton-St. George
"36085002700",Stapleton-Rosebank
"36085003600",Stapleton-Rosebank
"36085018701",Westerleigh
"36085015400",park-cemetery-etc-Staten Island
"36085000900",West New Brighton-New Brighton-St. George
"36085012200",New Dorp-Midland Beach
"36085011201",Old Town-Dongan Hills-South Beach
"36061005502",West Village
"36085030302",Mariner's Harbor-Arlington-Port Ivory-Graniteville
"36085024700",Port Richmond
"36061019900",Morningside Heights
"36085006700",New Brighton-Silver Lake
"36085014608",Great Kills
"36085017011",Annadale-Huguenot-Prince's Bay-Eltingville
"36061009700",Hudson Yards-Chelsea-Flat Iron-Union Square
"36061001502",Battery Park City-Lower Manhattan
"36061013900",Clinton
"36061008300",Hudson Yards-Chelsea-Flat Iron-Union Square
"36061024700",Washington Heights South
"36061003602",East Village
"36061019800",East Harlem North
"36061018700",Upper West Side
"36061016500",Upper West Side
"36061012500",Midtown-Midtown South
"36061023300",Hamilton Heights
"36061020800",Central Harlem North-Polo Grounds
"36085000700",West New Brighton-New Brighton-St. George
"36085013201",Oakwood-Oakwood Beach
"36085027704",Todt Hill-Emerson Hill-Heartland Village-Lighthouse Hill
"36085027302",New Springville-Bloomfield-Travis
"36085029104",New Springville-Bloomfield-Travis
"36085017009",Arden Heights
"36085018902",New Springville-Bloomfield-Travis
"36085021300",Port Richmond
"36085010500",New Brighton-Silver Lake
"36061015300",Lincoln Square
"36085002001",Stapleton-Rosebank
"36085007000",Old Town-Dongan Hills-South Beach
"36061011600",Lenox Hill-Roosevelt Island
"36061016002",East Harlem South
"36061030700",Marble Hill-Inwood
"36061004800",Gramercy
"36061011201",Midtown-Midtown South
"36061023200",Central Harlem North-Polo Grounds
"36061009100",Hudson Yards-Chelsea-Flat Iron-Union Square
"36061006600",Murray Hill-Kips Bay
"36061001001",Lower East Side
"36061007700",West Village
"36061017401",East Harlem South
"36061015602",East Harlem South
"36061018000",East Harlem North
"36061008000",Murray Hill-Kips Bay
"36061020101",Morningside Heights
"36061022200",Central Harlem South
"36061013800",Yorkville
"36061012600",Lenox Hill-Roosevelt Island
"36061022500",Hamilton Heights
"36061007400",Midtown-Midtown South
"36061003200",East Village
"36061026100",Washington Heights South
"36061004100",SoHo-TriBeCa-Civic Center-Little Italy
"36061002100",SoHo-TriBeCa-Civic Center-Little Italy
"36061001402",Lower East Side
"36061028100",Washington Heights North
"36061017900",Upper West Side
"36085017012",Annadale-Huguenot-Prince's Bay-Eltingville
"36061024100",Washington Heights South
"36061017200",East Harlem South
"36061011300",Midtown-Midtown South
"36061019000",Central Harlem South
"36061009500",Midtown-Midtown South
"36061027300",Washington Heights North
"36061010601",Turtle Bay-East Midtown
"36061005900",West Village
"36061014602",Yorkville
"36061006300",West Village
"36061025100",Washington Heights South
"36061011800",Lenox Hill-Roosevelt Island
"36061003400",East Village
"36061020500",Morningside Heights
"36061018900",Upper West Side
"36061003002",East Village
"36061013100",Midtown-Midtown South
"36061015802",East Harlem South
"36061008200",Murray Hill-Kips Bay
"36061020701",Morningside Heights
"36061008900",Hudson Yards-Chelsea-Flat Iron-Union Square
"36061002500",Chinatown
"36061011100",Hudson Yards-Chelsea-Flat Iron-Union Square
"36061005000",Gramercy
"36061000800",Chinatown
"36061014200",Upper East Side-Carnegie Hill
"36061007200",Murray Hill-Kips Bay
"36061000100",park-cemetery-etc-Manhattan
"36061000100",park-cemetery-etc-Manhattan
"36061021500",Central Harlem North-Polo Grounds
"36061025900",Central Harlem North-Polo Grounds
"36061023801",Lenox Hill-Roosevelt Island
"36061031703",Battery Park City-Lower Manhattan
"36061004400",Stuyvesant Town-Cooper Village
"36085013301",West New Brighton-New Brighton-St. George
"36061012200",Upper East Side-Carnegie Hill
"36061013600",Yorkville
"36061014402",Yorkville
"36061015601",Yorkville
"36061021600",Central Harlem South
"36061022000",Central Harlem South
"36061025300",Washington Heights South
"36061027100",Washington Heights North
"36061028300",Washington Heights North
"36061000201",Lower East Side
"36061000700",Battery Park City-Lower Manhattan
"36061000202",Lower East Side
"36061000500",park-cemetery-etc-Manhattan
"36061000600",Lower East Side
"36061000900",Battery Park City-Lower Manhattan
"36061001002",Lower East Side
"36061001200",Lower East Side
"36061001300",Battery Park City-Lower Manhattan
"36061001401",Lower East Side
"36005006500",Melrose South-Mott Haven North
"36005020200",Westchester-Unionport
"36005015700",Crotona Park East
"36005005200",Soundview-Bruckner
"36047005300",Carroll Gardens-Columbia Street-Red Hook
"36047012600",Bay Ridge
"36047027100",Crown Heights North
"36047034800",Seagate-Coney Island
"36047044900",East Williamsburg
"36047046000",Flatbush
"36047105804",Starrett City
"36047150200",Windsor Terrace
"36081026300",Woodside
"36085012805",Oakwood-Oakwood Beach
"36085990100",park-cemetery-etc-Staten Island
"36085019800",Annadale-Huguenot-Prince's Bay-Eltingville
"36085014607",Great Kills
"36081003400",Woodhaven
"36081003900",Queensbridge-Ravenswood-Long Island City
"36081003600",Woodhaven
"36081003700",Queensbridge-Ravenswood-Long Island City
"36081003800",Woodhaven
"36081004001",Woodhaven
"36081004200",Woodhaven
"36081004300",Queensbridge-Ravenswood-Long Island City
"36081077907",Kew Gardens Hills
"36081023500",Hunters Point-Sunnyside-West Maspeth
"36081024000",Jamaica
"36081024300",Elmhurst-Maspeth
"36081077908",Kew Gardens Hills
"36081024500",Woodside
"36081024900",Woodside
"36081025100",Woodside
"36081025500",Woodside
"36081025700",Woodside
"36081097204",Hammels-Arverne-Edgemere
"36081100801",Far Rockaway-Bayswater
"36081102900",Whitestone
"36047021100",Fort Greene
"36081025800",South Jamaica
"36081026000",South Jamaica
"36081026200",South Jamaica
"36081103202",Far Rockaway-Bayswater
"36081026500",Elmhurst-Maspeth
"36081026600",South Jamaica
"36047048500",Bushwick South
"36081107202",park-cemetery-etc-Queens
"36081103201",Far Rockaway-Bayswater
"36081103900",Whitestone
"36081027800",Baisley Park
"36081104700",Murray Hill
"36081105900",Murray Hill
"36081027000",South Jamaica
"36081027100",Elmhurst
"36081027200",Baisley Park
"36081027300",Jackson Heights
"36081027400",Baisley Park
"36081027900",Jackson Heights
"36081028000",St. Albans
"36081028100",Jackson Heights
"36081028200",St. Albans
"36081028400",Baisley Park
"36047062000",Sheepshead Bay-Gerritsen Beach-Manhattan Beach
"36081094500",Whitestone
"36081094700",College Point
"36081096400",Hammels-Arverne-Edgemere
"36081097300",Whitestone
"36081109700",Bayside-Bayside Hills
"36081098100",Whitestone
"36081098700",Whitestone
"36081099100",Whitestone
"36081099200",Hammels-Arverne-Edgemere
"36047080800",Prospect Lefferts Gardens-Wingate
"36081099900",Ft. Totten-Bay Terrace-Clearview
"36047123700",Bedford
"36081112300",Bayside-Bayside Hills
"36081109900",Bayside-Bayside Hills
"36081112900",Bayside-Bayside Hills
"36081113900",Auburndale
"36081114100",Murray Hill
"36081029700",Woodside
"36081029100",Jackson Heights
"36081029300",Woodside
"36081029500",Woodside
"36081029900",park-cemetery-etc-Queens
"36081028700",Jackson Heights
"36081028800",Baisley Park
"36081028900",Jackson Heights
"36081033000",Springfield Gardens North
"36081030902",Jackson Heights
"36081031700",Steinway
"36081032000",Springfield Gardens South-Brookville
"36081032800",Laurelton
"36081032900",Jackson Heights
"36081040100",North Corona
"36081033100",Airport
"36081033402",Springfield Gardens North
"36081033900",Jackson Heights
"36081039400",St. Albans
"36081039800",St. Albans
"36081040700",North Corona
"36081040200",St. Albans
"36081040400",St. Albans
"36081040500",North Corona
"36081041100",Corona
"36081041400",South Jamaica
"36061023700",Hamilton Heights
"36081041500",Corona
"36081042700",Corona
"36081043400",South Jamaica
"36061023400",Central Harlem North-Polo Grounds
"36061023501",Hamilton Heights
"36061023502",Central Harlem North-Polo Grounds
"36061023600",Central Harlem North-Polo Grounds
"36061023900",Washington Heights South
"36061024000",park-cemetery-etc-Manhattan
"36061024301",Washington Heights South
"36061025500",Washington Heights South
"36061024302",Central Harlem North-Polo Grounds
"36061024500",Washington Heights South
"36061024900",Washington Heights South
"36061026300",Washington Heights South
"36061026500",Washington Heights South
"36061026700",Washington Heights North
"36061026900",Washington Heights North
"36061028500",Washington Heights North
"36061027500",Washington Heights North
"36061027700",Washington Heights North
"36061027900",Washington Heights North
"36061016300",Upper West Side
"36061028700",Washington Heights North
"36061008601",Turtle Bay-East Midtown
"36061029100",Marble Hill-Inwood
"36061029300",Marble Hill-Inwood
"36061029500",Marble Hill-Inwood
"36061029700",park-cemetery-etc-Manhattan
"36061030300",Marble Hill-Inwood
"36061030900",Marble Hill-Inwood
"36061029900",Marble Hill-Inwood
"36061011000",Lenox Hill-Roosevelt Island
"36061010800",Turtle Bay-East Midtown
"36085003900",Grymes Hill-Clifton-Fox Hills
"36085004000",Grymes Hill-Clifton-Fox Hills
"36085004700",Grymes Hill-Clifton-Fox Hills
"36085005000",Grasmere-Arrochar-Ft. Wadsworth
"36085005900",New Brighton-Silver Lake
"36085006400",Grasmere-Arrochar-Ft. Wadsworth
"36085007400",Grasmere-Arrochar-Ft. Wadsworth
"36085007500",New Brighton-Silver Lake
"36085008100",West New Brighton-New Brighton-St. George
"36085009601",Old Town-Dongan Hills-South Beach
"36085009602",Old Town-Dongan Hills-South Beach
"36061010602",Lenox Hill-Roosevelt Island
"36061010900",Midtown-Midtown South
"36061011202",Midtown-Midtown South
"36061015001",Upper East Side-Carnegie Hill
"36061011203",Turtle Bay-East Midtown
"36085009700",West New Brighton-New Brighton-St. George
"36061031100",park-cemetery-etc-Manhattan
"36061003700",SoHo-TriBeCa-Civic Center-Little Italy
"36061005200",Hudson Yards-Chelsea-Flat Iron-Union Square
"36061010100",Midtown-Midtown South
"36061014700",Lincoln Square
"36085020801",Rossville-Woodrow
"36085018702",New Springville-Bloomfield-Travis
"36085018901",Westerleigh
"36085019700",Westerleigh
"36085023100",Mariner's Harbor-Arlington-Port Ivory-Graniteville
"36085020803",Rossville-Woodrow
"36085020804",Rossville-Woodrow
"36085022300",Mariner's Harbor-Arlington-Port Ivory-Graniteville
"36085023900",Mariner's Harbor-Arlington-Port Ivory-Graniteville
"36061015002",Upper East Side-Carnegie Hill
"36061015200",Yorkville
"36061019100",Upper West Side
"36061022301",Manhattanville
"36061031900",park-cemetery-etc-Manhattan
"36085011202",New Dorp-Midland Beach
"36085011401",Old Town-Dongan Hills-South Beach
"36085011402",New Dorp-Midland Beach
"36085012100",New Brighton-Silver Lake
"36085012500",West New Brighton-New Brighton-St. George
"36085022600",Charleston-Richmond Valley-Tottenville
"36085012804",New Dorp-Midland Beach
"36085013203",Great Kills
"36085013204",Oakwood-Oakwood Beach
"36085013302",West New Brighton-New Brighton-St. George
"36085013400",New Dorp-Midland Beach
"36085013800",Oakwood-Oakwood Beach
"36047051601",Flatbush
"36047061003",Brighton Beach
"36047061004",Brighton Beach
"36047069601",Georgetown-Marine Park-Bergen Beach-Mill Basin
"36047069602",Georgetown-Marine Park-Bergen Beach-Mill Basin
"36047079801",Prospect Lefferts Gardens-Wingate
"36047079802",Prospect Lefferts Gardens-Wingate
"36047105801",Starrett City
"36047990100",park-cemetery-etc-Brooklyn
"36005024000",Van Nest-Morris Park-Westchester Square
"36005022703",Mount Hope
"36005022901",Mount Hope
"36005023000",Van Nest-Morris Park-Westchester Square
"36005023200",Van Nest-Morris Park-Westchester Square
"36005023302",Mount Hope
"36005023502",Mount Hope
"36005023600",Van Nest-Morris Park-Westchester Square
"36005023900",Fordham South
"36005024300",University Heights-Morris Heights
"36005024600",Pelham Parkway
"36005025000",Pelham Parkway
"36005024700",University Heights-Morris Heights
"36005024800",Pelham Parkway
"36005024900",University Heights-Morris Heights
"36005025300",Kingsbridge Heights
"36005025400",Van Nest-Morris Park-Westchester Square
"36005025500",Kingsbridge Heights
"36005025600",Van Nest-Morris Park-Westchester Square
"36005027300",Van Cortlandt Village
"36005025700",University Heights-Morris Heights
"36005026100",Kingsbridge Heights
"36005026400",Schuylerville-Throgs Neck-Edgewater Park
"36005026500",Kingsbridge Heights
"36005026601",Pelham Bay-Country Club-City Island
"36005026602",Pelham Bay-Country Club-City Island
"36005026900",Kingsbridge Heights
"36005027600",park-cemetery-etc-Bronx
"36005027700",Van Cortlandt Village
"36005028900",Spuyten Duyvil-Kingsbridge
"36005027900",Van Cortlandt Village
"36005028300",Spuyten Duyvil-Kingsbridge
"36005028400",Van Nest-Morris Park-Westchester Square
"36005028500",Spuyten Duyvil-Kingsbridge
"36005029500",Spuyten Duyvil-Kingsbridge
"36005031900",North Riverdale-Fieldston-Riverdale
"36005029600",Pelham Parkway
"36005030000",Pelham Bay-Country Club-City Island
"36005030100",Spuyten Duyvil-Kingsbridge
"36005030200",Co-op City
"36005030701",North Riverdale-Fieldston-Riverdale
"36005031000",Allerton-Pelham Gardens
"36005031800",Allerton-Pelham Gardens
"36005032300",North Riverdale-Fieldston-Riverdale
"36005032400",Bronxdale
"36005034200",Allerton-Pelham Gardens
"36005033400",park-cemetery-etc-Bronx
"36005033600",Bronxdale
"36005033800",Bronxdale
"36005034000",Bronxdale
"36005034300",North Riverdale-Fieldston-Riverdale
"36005034400",Allerton-Pelham Gardens
"36005038600",Eastchester-Edenwald-Baychester
"36005037800",Williamsbridge-Olinville
"36005037900",Mount Hope
"36005038000",Williamsbridge-Olinville
"36005038100",Mount Hope
"36005038500",Claremont-Bathgate
"36005038700",Belmont
"36005038900",Belmont
"36005039100",Belmont
"36005039200",Williamsbridge-Olinville
"36005039902",Bedford Park-Fordham North
"36005039300",Belmont
"36005039400",Williamsbridge-Olinville
"36005039700",Belmont
"36005040100",Bedford Park-Fordham North
"36005040600",Williamsbridge-Olinville
"36081058500",Ridgewood
"36005040701",Van Cortlandt Village
"36005040702",Bedford Park-Fordham North
"36005034500",North Riverdale-Fieldston-Riverdale
"36005035000",Allerton-Pelham Gardens
"36081018300",Hunters Point-Sunnyside-West Maspeth
"36081070900",Forest Hills
"36081006900",Old Astoria
"36081015900",Astoria
"36081011600",Richmond Hill
"36081055100",Ridgewood
"36081048100",Elmhurst
"36081046100",Elmhurst
"36081023600",Briarwood-Jamaica Hills
"36081116300",Murray Hill
"36081074700",Forest Hills
"36081012100",Steinway
"36081014400",Richmond Hill
"36081032700",Jackson Heights
"36081053800",Queens Village
"36081027500",Jackson Heights
"36081050600",Hollis
"36081061000",Cambria Heights
"36081129102",Oakland Gardens
"36081026100",Woodside
"36081040900",North Corona
"36081002000",Woodhaven
"36081120100",East Flushing
"36081107201",Breezy Point-Belle Harbor-Rockaway Park-Broad Channel
"36081058700",Ridgewood
"36081016400",South Ozone Park
"36081010100",Steinway
"36081056200",Queens Village
"36081024600",Jamaica
"36081063000",Laurelton
"36081020200",South Jamaica
"36081050202",Hollis
"36081059600",Cambria Heights
"36081022002",Briarwood-Jamaica Hills
"36081085500",Flushing
"36081011100",Steinway
"36081067900",Middle Village
"36081012000",Richmond Hill
"36081005700",Astoria
"36081033700",Jackson Heights
"36081045900",Elmhurst
"36081037500",North Corona
"36081085700",Flushing
"36081062300",Glendale
"36081111300",Bayside-Bayside Hills
"36081140300",Bayside-Bayside Hills
"36081005200",Woodhaven
"36081019800",South Jamaica
"36081071900",Forest Hills
"36081052600",St. Albans
"36081026400",South Jamaica
"36081014100",Astoria
"36081001400",Woodhaven
"36081009700",Steinway
"36081115900",Murray Hill
"36081012601",Richmond Hill
"36081017900",Hunters Point-Sunnyside-West Maspeth
"36081026700",Elmhurst
"36081010400",South Ozone Park
"36081048000",Jamaica
"36081036100",East Elmhurst
"36081040000",St. Albans
"36081045200",Briarwood-Jamaica Hills
"36081051200",Queens Village
"36081053200",Queens Village
"36081059000",Cambria Heights
"36081060300",Middle Village
"36081063200",Laurelton
"36081066701",Middle Village
"36081097202",Hammels-Arverne-Edgemere
"36081070300",Rego Park
"36081076901",Forest Hills
"36081085300",Flushing
"36081118500",East Flushing
"36081041300",Corona
"36081065501",Middle Village
"36081077904",Kew Gardens Hills
"36081114700",Murray Hill
"36081001600",Woodhaven
"36081014201",Richmond Hill
"36081113300",Bayside-Bayside Hills
"36081115700",Murray Hill
"36081000800",Woodhaven
"36081118700",East Flushing
"36081121100",park-cemetery-etc-Queens
"36081137700",Oakland Gardens
"36081145900",Auburndale
"36081157102",Bellerose
"36081000100",Hunters Point-Sunnyside-West Maspeth
"36081000400",Woodhaven
"36081000600",Woodhaven
"36081000700",Hunters Point-Sunnyside-West Maspeth
"36081001000",Woodhaven
"36081001200",Woodhaven
"36081001800",Woodhaven
"36081001900",Hunters Point-Sunnyside-West Maspeth
"36081002200",Woodhaven
"36081002800",Richmond Hill
"36081002400",Richmond Hill
"36081002500",Queensbridge-Ravenswood-Long Island City
"36081002600",Richmond Hill
"36081003000",Woodhaven
"36081003100",Queensbridge-Ravenswood-Long Island City
"36081003200",Woodhaven
"36081005100",Queensbridge-Ravenswood-Long Island City
"36081056400",Queens Village
"36081052000",St. Albans
"36081027600",Baisley Park
"36081046000",Jamaica
"36081010800",Richmond Hill
"36081092500",College Point
"36081066900",Middle Village
"36081023200",Briarwood-Jamaica Hills
"36081085900",Flushing
"36081124700",Pomonok-Flushing Heights-Hillcrest
"36081015300",Astoria
"36081061601",Laurelton
"36081015100",Astoria
"36081011400",Richmond Hill
"36081101001",Far Rockaway-Bayswater
"36081042600",St. Albans
"36081038400",St. Albans
"36081005500",Queensbridge-Ravenswood-Long Island City
"36081028300",Jackson Heights
"36081054900",Ridgewood
"36081014300",Astoria
"36081024700",Woodside
"36081016100",Astoria
"36081017800",South Ozone Park
"36081027700",Jackson Heights
"36081004002",Ozone Park
"36081052500",Maspeth
"36081040300",North Corona
"36081045700",Elmhurst
"36081062500",Glendale
"36081039900",Corona
"36081012800",Richmond Hill
"36081000200",Woodhaven
"36081005900",Astoria
"36081056000",Queens Village
"36081058300",Ridgewood
"36081033401",St. Albans
"36081072100",Forest Hills
"36081007300",Old Astoria
"36081004401",Ozone Park
"36081061200",Cambria Heights
"36081028500",Jackson Heights
"36081133900",Fresh Meadows-Utopia
"36081023800",Jamaica
"36081074100",Forest Hills
"36081118900",East Flushing
"36081013000",Richmond Hill
"36081055600",Queens Village
"36081099701",Ft. Totten-Bay Terrace-Clearview
"36081011900",Steinway
"36081035100",Jackson Heights
"36081050400",Hollis
"36081043200",St. Albans
"36081025900",Woodside
"36081091900",College Point
"36081036300",East Elmhurst
"36081037700",North Corona
"36081068300",Elmhurst
"36061025700",Central Harlem South
"36061024200",East Harlem North
"36061008603",Turtle Bay-East Midtown
"36047000502",Brooklyn Heights-Cobble Hill
"36047035602",West Brighton
"36047037401",Gravesend
"36047037402",Gravesend
"36047050803",Flatbush
"36047050804",Flatbush
"36047051002",Flatbush
"36047001500",DUMBO-Vinegar Hill-Downtown Brooklyn-Boerum Hill
"36047066000",Georgetown-Marine Park-Bergen Beach-Mill Basin
"36047065200",Georgetown-Marine Park-Bergen Beach-Mill Basin
"36047068800",Flatlands
"36047069200",Flatlands
"36047069800",Georgetown-Marine Park-Bergen Beach-Mill Basin
"36047065800",Georgetown-Marine Park-Bergen Beach-Mill Basin
"36047066200",Georgetown-Marine Park-Bergen Beach-Mill Basin
"36047066600",park-cemetery-etc-Brooklyn
"36047067200",Flatlands
"36047067400",Flatlands
"36047070000",Georgetown-Marine Park-Bergen Beach-Mill Basin
"36047067600",Flatlands
"36047068000",Flatlands
"36047068200",Flatlands
"36047070201",Georgetown-Marine Park-Bergen Beach-Mill Basin
"36047072200",Flatlands
"36047070202",park-cemetery-etc-Brooklyn
"36047070203",park-cemetery-etc-Brooklyn
"36047072000",Flatlands
"36047072400",Flatlands
"36047072600",Flatlands
"36047022700",Clinton Hill
"36047073200",Flatlands
"36047022000",Borough Park
"36047022400",Borough Park
"36047022600",Borough Park
"36047022800",Borough Park
"36047023400",Borough Park
"36047023000",Borough Park
"36047023100",Clinton Hill
"36047023300",Bedford
"36047023500",Clinton Hill
"36047023600",Borough Park
"36047024400",Borough Park
"36047022100",Crown Heights North
"36047024000",Borough Park
"36047024200",Borough Park
"36047024500",Bedford
"36047024600",Borough Park
"36047024800",Bensonhurst West
"36047024900",Bedford
"36047025000",Bensonhurst West
"36047025100",Bedford
"36047025200",Bensonhurst West
"36047025300",Bedford
"36047025600",Bensonhurst West
"36047035700",Crown Heights North
"36047025700",Bedford
"36047025901",Bedford
"36047026000",Bensonhurst West
"36047034900",Crown Heights North
"36047035000",West Brighton
"36047035200",Seagate-Coney Island
"36047035400",West Brighton
"36047035500",Crown Heights South
"36047035900",Crown Heights North
"36047073400",Flatlands
"36047075600",Midwood
"36047073600",Flatlands
"36047074800",Midwood
"36047074000",Flatlands
"36047074400",Flatlands
"36047074600",Flatlands
"36047075800",Midwood
"36047076000",Midwood
"36047076200",Midwood
"36047076600",Flatbush
"36047077000",Flatbush
"36047095800",Canarsie
"36047096000",Canarsie
"36047097000",Canarsie
"36047096200",Canarsie
"36047096400",Canarsie
"36047096800",Canarsie
"36047097400",Canarsie
"36047098400",Canarsie
"36047098600",Canarsie
"36047099000",Canarsie
"36047099400",Canarsie
"36047099800",Canarsie
"36047100400",Canarsie
"36047100800",Canarsie
"36047027000",Bensonhurst West
"36047101000",Canarsie
"36047101200",Canarsie
"36047101400",Canarsie
"36047101600",Canarsie
"36085027706",Todt Hill-Emerson Hill-Heartland Village-Lighthouse Hill
"36085018100",Todt Hill-Emerson Hill-Heartland Village-Lighthouse Hill
"36047026200",Bensonhurst West
"36047026300",Bedford
"36047026400",Bensonhurst West
"36047026600",Bensonhurst West
"36047026700",Bedford
"36047027200",Bensonhurst West
"36047027700",Stuyvesant Heights
"36047027400",Bensonhurst West
"36047027500",Stuyvesant Heights
"36047027600",Bensonhurst West
"36047027800",Bensonhurst West
"36047028100",Stuyvesant Heights
"36047028400",Bensonhurst West
"36047028502",Stuyvesant Heights
"36047028600",Bath Beach
"36047028700",Stuyvesant Heights
"36047028800",Bensonhurst West
"36047029000",Bensonhurst West
"36047029100",Stuyvesant Heights
"36047029800",Bensonhurst East
"36047029200",Bath Beach
"36047029300",Stuyvesant Heights
"36047029700",Crown Heights North
"36047029900",Crown Heights North
"36047030000",Bensonhurst East
"36047036001",Brighton Beach
"36047037000",Brighton Beach
"36047037100",Ocean Hill
"36047037300",Ocean Hill
"36047037500",Stuyvesant Heights
"36047037700",Stuyvesant Heights
"36047036501",Ocean Hill
"36047037900",Stuyvesant Heights
"36047036200",Brighton Beach
"36047036400",Brighton Beach
"36047036502",Ocean Hill
"36047036600",Brighton Beach
"36047036900",Ocean Hill
"36047038200",Gravesend
"36047038600",Gravesend
"36047038700",Stuyvesant Heights
"36047039100",Bushwick South
"36047038800",Homecrest
"36047038900",Bushwick South
"36047039000",Homecrest
"36047039300",Bushwick South
"36047078200",East Flatbush-Farragut
"36047077200",Flatbush
"36047077400",Flatbush
"36047077600",Flatlands
"36047030400",Bensonhurst East
"36047058400",Homecrest
"36047007700",Carroll Gardens-Columbia Street-Red Hook
"36047046201",Flatbush
"36047036700",Ocean Hill
"36047003000",Bay Ridge
"36047030600",Gravesend
"36047030700",Crown Heights North
"36047030100",Ocean Hill
"36047030800",Gravesend
"36047031100",Crown Heights North
"36047032800",Seagate-Coney Island
"36047031400",Gravesend
"36047031500",Crown Heights North
"36047031701",Crown Heights North
"36047030200",Bensonhurst East
"36047031900",Crown Heights South
"36047032300",Crown Heights South
"36047032700",Prospect Lefferts Gardens-Wingate
"36047033000",Seagate-Coney Island
"36047033100",Crown Heights South
"36047033500",Crown Heights South
"36047033600",Seagate-Coney Island
"36047033900",Crown Heights North
"36047034100",Crown Heights North
"36047034200",Seagate-Coney Island
"36047040300",Bushwick South
"36047034300",Crown Heights North
"36047034500",Crown Heights North
"36047040500",Bushwick South
"36047041300",Bushwick South
"36047041100",Bushwick South
"36047041200",Bensonhurst East
"36047039500",Bushwick South
"36047039600",Homecrest
"36047039700",Bushwick South
"36047039800",Gravesend
"36047039900",Bushwick South
"36047040000",Bensonhurst East
"36047040200",Bensonhurst East
"36047041401",Homecrest
"36047041900",Bushwick South
"36047041500",Bushwick South
"36047041600",Homecrest
"36047041800",Homecrest
"36047042100",Bushwick South
"36047042300",Bushwick South
"36047042500",Bushwick South
"36047042900",Bushwick North
"36047042600",Bensonhurst East
"36047042700",Bushwick North
"36047042800",Bensonhurst East
"36047043000",Bensonhurst East
"36047043100",Bushwick North
"36047021200",Dyker Heights
"36047039200",Homecrest
"36047041402",Homecrest
"36047019400",Dyker Heights
"36047058200",Homecrest
"36047117602",Cypress Hills-City Line
"36047041700",Bushwick South
"36047089800",Brownsville
"36047072800",Flatlands
"36047036002",Brighton Beach
"36047098800",Canarsie
"36047059600",Sheepshead Bay-Gerritsen Beach-Manhattan Beach
"36047068600",Georgetown-Marine Park-Bergen Beach-Mill Basin
"36047025400",Bensonhurst West
"36047032100",Crown Heights South
"36047081600",East Flatbush-Farragut
"36047078800",Flatbush
"36047019500",Clinton Hill
"36047044800",Ocean Parkway South
"36047043400",Bensonhurst East
"36047007400",Sunset Park West
"36047004600",Bay Ridge
"36047043200",Bensonhurst East
"36047043300",Bushwick North
"36047043500",Bushwick North
"36047043900",Bushwick North
"36047044000",Ocean Parkway South
"36047044400",Ocean Parkway South
"36047044100",Bushwick North
"36047044200",Ocean Parkway South
"36047044300",Bushwick North
"36047044500",Bushwick North
"36047044600",Borough Park
"36047045000",Ocean Parkway South
"36047045200",Ocean Parkway South
"36047045300",Bushwick North
"36047079000",Erasmus
"36047045400",Ocean Parkway South
"36047079400",Erasmus
"36047078600",Flatbush
"36047079200",Erasmus
"36047080400",Prospect Lefferts Gardens-Wingate
"36047080600",Prospect Lefferts Gardens-Wingate
"36047075400",Midwood
"36047048200",Flatbush
"36047007800",Sunset Park West
"36047028501",Bushwick South
"36047026100",Bedford
"36047067800",Flatlands
"36047009000",Sunset Park East
"36047018100",Fort Greene
"36047080200",Prospect Lefferts Gardens-Wingate
"36047083800",East Flatbush-Farragut
"36047055100",North Side-South Side
"36047019300",Clinton Hill
"36047020200",Dyker Heights
"36047086800",Rugby-Remsen Village
"36047099600",Canarsie
"36047042000",Homecrest
"36047065400",Georgetown-Marine Park-Bergen Beach-Mill Basin
"36047040400",Bensonhurst East
"36047004100",DUMBO-Vinegar Hill-Downtown Brooklyn-Boerum Hill
"36047032900",Prospect Lefferts Gardens-Wingate
"36047013900",Park Slope-Gowanus
"36047092800",Rugby-Remsen Village
"36047002300",DUMBO-Vinegar Hill-Downtown Brooklyn-Boerum Hill
"36047016000",Bay Ridge
"36047036300",Ocean Hill
"36047012801",Dyker Heights
"36047047400",Borough Park
"36047046800",Borough Park
"36047047000",Borough Park
"36047045800",Midwood
"36047046202",Ocean Parkway South
"36047046400",Borough Park
"36047047600",Borough Park
"36047047700",East Williamsburg
"36047047800",Borough Park
"36047048000",Flatbush
"36047048100",East Williamsburg
"36047081400",East Flatbush-Farragut
"36047082800",Erasmus
"36047082000",Prospect Lefferts Gardens-Wingate
"36047082200",Prospect Lefferts Gardens-Wingate
"36047082600",Erasmus
"36047083000",East Flatbush-Farragut
"36047083200",East Flatbush-Farragut
"36047083400",East Flatbush-Farragut
"36047024100",Bedford
"36047057400",Madison
"36047102400",Canarsie
"36047048400",Kensington-Ocean Parkway
"36047021700",Crown Heights North
"36047026500",Bedford
"36047029500",Stuyvesant Heights
"36047015100",Park Slope-Gowanus
"36047055800",Madison
"36047007600",Sunset Park West
"36047012200",Sunset Park West
"36047010200",Sunset Park East
"36047040900",Bushwick North
"36047116800",East New York
"36047096600",Canarsie
"36047005202",Bay Ridge
"36047017600",Bath Beach
"36047042200",Homecrest
"36047073800",Flatlands
"36047054600",Midwood
"36047028200",Bath Beach
"36047031300",Crown Heights North
"36047081000",Prospect Lefferts Gardens-Wingate
"36047085800",East Flatbush-Farragut
"36047013500",Park Slope-Gowanus
"36047032500",Crown Heights South
"36047049300",Bushwick South
"36047049400",Kensington-Ocean Parkway
"36047048800",Kensington-Ocean Parkway
"36047049000",Kensington-Ocean Parkway
"36047049200",Kensington-Ocean Parkway
"36047049600",Kensington-Ocean Parkway
"36047049700",East Williamsburg
"36047050100",East Williamsburg
"36047049800",Kensington-Ocean Parkway
"36047049900",Greenpoint
"36047050000",Windsor Terrace
"36081015802",South Ozone Park
"36081018102",Hunters Point-Sunnyside-West Maspeth
"36081029400",Springfield Gardens North
"36081012500",Steinway
"36081065703",Middle Village
"36081008500",Queensbridge-Ravenswood-Long Island City
"36081026901",Elmhurst
"36081074900",Forest Hills
"36081099802",Far Rockaway-Bayswater
"36081035700",East Elmhurst
"36081006502",Astoria
"36081061301",Ridgewood
"36081072300",Forest Hills
"36081086900",Flushing
"36047112600",East New York (Pennsylvania Ave)
"36081015801",South Ozone Park
"36047101800",Canarsie
"36047102000",Canarsie
"36047102600",Canarsie
"36047103400",Canarsie
"36081018501",Hunters Point-Sunnyside-West Maspeth
"36047107000",East New York
"36047107800",East New York
"36047109800",East New York
"36047112200",East New York (Pennsylvania Ave)
"36047112400",East New York
"36047112800",East New York (Pennsylvania Ave)
"36047113000",East New York (Pennsylvania Ave)
"36047113200",East New York (Pennsylvania Ave)
"36047117201",Cypress Hills-City Line
"36047114201",Cypress Hills-City Line
"36047114600",Cypress Hills-City Line
"36047115200",East New York
"36047115600",East New York (Pennsylvania Ave)
"36047116000",East New York
"36047116400",East New York
"36047117000",East New York
"36047117202",Cypress Hills-City Line
"36047118000",park-cemetery-etc-Brooklyn
"36047117400",Cypress Hills-City Line
"36047117800",Cypress Hills-City Line
"36047118201",Cypress Hills-City Line
"36047118202",Cypress Hills-City Line
"36047118400",Cypress Hills-City Line
"36047118600",Cypress Hills-City Line
"36047119600",East New York
"36047118800",Cypress Hills-City Line
"36047119200",East New York
"36047119400",East New York
"36047120000",East New York
"36047120200",Cypress Hills-City Line
"36047120800",East New York
"36047121000",East New York
"36081067100",Middle Village
"36081084900",Flushing
"36081003300",Queensbridge-Ravenswood-Long Island City
"36081019900",Hunters Point-Sunnyside-West Maspeth
"36081053100",Maspeth
"36081006201",Lindenwood-Howard Beach
"36081006501",Astoria
"36081018101",Hunters Point-Sunnyside-West Maspeth
"36047022200",Borough Park
"36047122000",East New York
"36047013000",Bay Ridge
"36047017000",Bath Beach
"36047020100",Clinton Hill
"36047121400",East New York
"36047023800",Borough Park
"36047024700",Crown Heights North
"36047027300",Stuyvesant Heights
"36047028000",Bath Beach
"36047032600",Seagate-Coney Island
"36047052500",North Side-South Side
"36047034700",Crown Heights North
"36047041000",Bensonhurst East
"36047048600",Kensington-Ocean Parkway
"36047059300",Greenpoint
"36047052800",Flatbush
"36047053800",Midwood
"36047054200",Midwood
"36047064600",Georgetown-Marine Park-Bergen Beach-Mill Basin
"36047081800",Erasmus
"36047075200",Midwood
"36047102200",Canarsie
"36047113400",East New York (Pennsylvania Ave)
"36047115800",East New York (Pennsylvania Ave)
"36047116600",East New York
"36081099703",Ft. Totten-Bay Terrace-Clearview
"36081099704",Ft. Totten-Bay Terrace-Clearview
"36081099705",Ft. Totten-Bay Terrace-Clearview
"36081099801",Far Rockaway-Bayswater
"36081093402",Breezy Point-Belle Harbor-Rockaway Park-Broad Channel
"36081100802",Far Rockaway-Bayswater
"36081075702",Forest Hills
"36081079701",Flushing
"36081044302",Corona
"36081129103",Oakland Gardens
"36081129104",Oakland Gardens
"36081071303",Forest Hills
"36081071304",Forest Hills
"36081071305",Forest Hills
"36081071701",Rego Park
"36081071702",Rego Park
"36081075701",Forest Hills
"36081093401",Breezy Point-Belle Harbor-Rockaway Park-Broad Channel
"36081038301",park-cemetery-etc-Queens
"36081097203",Hammels-Arverne-Edgemere
"36061021303",Manhattanville
"36061023100",Hamilton Heights
"36061023802",Lenox Hill-Roosevelt Island
"36061031704",Battery Park City-Lower Manhattan
"36005038301",Fordham South
"36005018102",East Concourse-Concourse Village
"36005020502",University Heights-Morris Heights
"36005022101",West Concourse
"36005024501",University Heights-Morris Heights
"36005027401",Pelham Bay-Country Club-City Island
"36005029302",Spuyten Duyvil-Kingsbridge
"36005005002",Soundview-Bruckner
"36005040501",Bedford Park-Fordham North
"36005032600",Allerton-Pelham Gardens
"36005018500",Morrisania-Melrose
"36005012901",Longwood
"36005015200",Schuylerville-Throgs Neck-Edgewater Park
"36005014702",Claremont-Bathgate
"36005017701",East Concourse-Concourse Village
"36005017702",East Concourse-Concourse Village
"36005017902",East Concourse-Concourse Village
"36005018101",East Concourse-Concourse Village
"36005018302",East Concourse-Concourse Village
"36005026701",Van Cortlandt Village
"36005020501",University Heights-Morris Heights
"36005021001",Parkchester
"36005021002",Parkchester
"36005022403",Pelham Parkway
"36005024502",University Heights-Morris Heights
"36005027402",Pelham Bay-Country Club-City Island
"36005020000",Van Nest-Morris Park-Westchester Square
"36005029301",Spuyten Duyvil-Kingsbridge
"36005030900",North Riverdale-Fieldston-Riverdale
"36005033202",Bronxdale
"36005038302",Fordham South
"36005040502",Bedford Park-Fordham North
"36005033500",North Riverdale-Fieldston-Riverdale
"36005033700",North Riverdale-Fieldston-Riverdale
"36005005100",Mott Haven-Port Morris
"36005034800",Allerton-Pelham Gardens
"36005036000",Allerton-Pelham Gardens
"36005039500",Claremont-Bathgate
"36005043400",Woodlawn-Wakefield
"36005044400",Woodlawn-Wakefield
"36005001900",Mott Haven-Port Morris
"36005004200",Soundview-Castle Hill-Clason Point-Harding Park
"36005009300",Hunts Point
"36005037504",East Tremont
"36005009600",Westchester-Unionport
"36005011700",Hunts Point
"36005020900",West Concourse
"36005022200",Parkchester
"36005023800",Van Nest-Morris Park-Westchester Square
"36005045600",Eastchester-Edenwald-Baychester
"36005005300",University Heights-Morris Heights
"36085014604",Great Kills
"36085024800",Charleston-Richmond Valley-Tottenville
"36085025100",Port Richmond
"36085027301",New Springville-Bloomfield-Travis
"36085027702",Todt Hill-Emerson Hill-Heartland Village-Lighthouse Hill
"36085027900",Todt Hill-Emerson Hill-Heartland Village-Lighthouse Hill
"36085029102",New Springville-Bloomfield-Travis
"36085029103",New Springville-Bloomfield-Travis
"36085030301",Mariner's Harbor-Arlington-Port Ivory-Graniteville
"36085031901",Mariner's Harbor-Arlington-Port Ivory-Graniteville
"36061004000",East Village
"36085032300",Mariner's Harbor-Arlington-Port Ivory-Graniteville
"36085001800",Grasmere-Arrochar-Ft. Wadsworth
"36085014100",West New Brighton-New Brighton-St. George
"36085024402",Charleston-Richmond Valley-Tottenville
"36085027705",Todt Hill-Emerson Hill-Heartland Village-Lighthouse Hill
"36085012806",Oakwood-Oakwood Beach
"36061001501",Battery Park City-Lower Manhattan
"36061001600",Chinatown
"36061001800",Chinatown
"36061002000",Lower East Side
"36061002601",Lower East Side
"36061002201",Lower East Side
"36061002202",Lower East Side
"36061002400",Lower East Side
"36061002602",Lower East Side
"36061003001",Chinatown
"36061002700",Chinatown
"36061002800",Lower East Side
"36061002900",Chinatown
"36061003800",East Village
"36061003100",SoHo-TriBeCa-Civic Center-Little Italy
"36061003300",SoHo-TriBeCa-Civic Center-Little Italy
"36061003601",Chinatown
"36061003900",SoHo-TriBeCa-Civic Center-Little Italy
"36061004200",East Village
"36061004300",SoHo-TriBeCa-Civic Center-Little Italy
"36061006100",West Village
"36061008602",Turtle Bay-East Midtown
"36061004500",SoHo-TriBeCa-Civic Center-Little Italy
"36061004700",SoHo-TriBeCa-Civic Center-Little Italy
"36061004900",SoHo-TriBeCa-Civic Center-Little Italy
"36061005400",Hudson Yards-Chelsea-Flat Iron-Union Square
"36061005501",West Village
"36061005600",Hudson Yards-Chelsea-Flat Iron-Union Square
"36061005700",West Village
"36061005800",Hudson Yards-Chelsea-Flat Iron-Union Square
"36061006000",Stuyvesant Town-Cooper Village
"36061006200",Murray Hill-Kips Bay
"36061006400",Gramercy
"36061006500",West Village
"36061007000",Murray Hill-Kips Bay
"36061006700",West Village
"36061006800",Gramercy
"36061006900",West Village
"36061007100",West Village
"36061007300",West Village
"36061008700",Hudson Yards-Chelsea-Flat Iron-Union Square
"36047043700",Bushwick North
"36061007500",West Village
"36061007600",Midtown-Midtown South
"36061007800",Murray Hill-Kips Bay
"36061007900",West Village
"36061008100",Hudson Yards-Chelsea-Flat Iron-Union Square
"36061008400",Midtown-Midtown South
"36061008800",Turtle Bay-East Midtown
"36061009600",Midtown-Midtown South
"36061009000",Turtle Bay-East Midtown
"36061009200",Turtle Bay-East Midtown
"36061009300",Hudson Yards-Chelsea-Flat Iron-Union Square
"36061009400",Midtown-Midtown South
"36061009800",Turtle Bay-East Midtown
"36061010300",Hudson Yards-Chelsea-Flat Iron-Union Square
"36061009900",Hudson Yards-Chelsea-Flat Iron-Union Square
"36061010000",Turtle Bay-East Midtown
"36061010200",Midtown-Midtown South
"36061010400",Midtown-Midtown South
"36061011900",Midtown-Midtown South
"36061011401",Upper East Side-Carnegie Hill
"36061011402",Upper East Side-Carnegie Hill
"36061011500",Clinton
"36061011700",Hudson Yards-Chelsea-Flat Iron-Union Square
"36061012000",Upper East Side-Carnegie Hill
"36061012100",Clinton
"36061012400",Lenox Hill-Roosevelt Island
"36061013300",Clinton
"36061012700",Clinton
"36061012800",Upper East Side-Carnegie Hill
"36061012900",Clinton
"36061013000",Upper East Side-Carnegie Hill
"36061013200",Lenox Hill-Roosevelt Island
"36061013400",Lenox Hill-Roosevelt Island
"36061013500",Clinton
"36061013700",Midtown-Midtown South
"36061014401",Yorkville
"36061014000",Upper East Side-Carnegie Hill
"36061014300",park-cemetery-etc-Manhattan
"36061014500",Lincoln Square
"36061014601",Yorkville
"36061014801",Upper East Side-Carnegie Hill
"36061015400",Yorkville
"36061014802",Upper East Side-Carnegie Hill
"36061014900",Lincoln Square
"36061015100",Lincoln Square
"36061015500",Lincoln Square
"36061015700",Lincoln Square
"36061015801",Upper East Side-Carnegie Hill
"36061015900",Lincoln Square
"36061016001",Upper East Side-Carnegie Hill
"36061016100",Upper West Side
"36061016800",East Harlem South
"36061016200",East Harlem South
"36061016600",East Harlem South
"36061016700",Upper West Side
"36061017000",East Harlem South
"36061017100",Upper West Side
"36061017300",Upper West Side
"36061017402",East Harlem South
"36061018100",Upper West Side
"36061017500",Upper West Side
"36061017700",Upper West Side
"36061017800",East Harlem North
"36061018200",East Harlem North
"36061019200",East Harlem North
"36061018300",Upper West Side
"36061018400",East Harlem North
"36061018500",Upper West Side
"36061018600",Central Harlem South
"36061018800",East Harlem North
"36061019300",Morningside Heights
"36061019400",East Harlem North
"36061019500",Morningside Heights
"36061019600",East Harlem North
"36061019701",Morningside Heights
"36061019702",Central Harlem South
"36061020901",Morningside Heights
"36061020000",Central Harlem South
"36061020102",Central Harlem South
"36061020300",Morningside Heights
"36061022700",Hamilton Heights
"36061020600",Central Harlem North-Polo Grounds
"36061021000",East Harlem North
"36061021100",Morningside Heights
"36061021200",Central Harlem North-Polo Grounds
"36061021400",Central Harlem North-Polo Grounds
"36061021703",Manhattanville
"36061021800",Central Harlem South
"36061022400",Central Harlem North-Polo Grounds
"36061021900",Manhattanville
"36061022102",Central Harlem North-Polo Grounds
"36061022302",Manhattanville
"36061022600",Central Harlem North-Polo Grounds
"36061022800",Central Harlem North-Polo Grounds
"36061022900",Hamilton Heights
"36061023000",Central Harlem North-Polo Grounds
"36047152200",Flatbush
"36005007100",Melrose South-Mott Haven North
"36005006100",East Concourse-Concourse Village
"36005006400",West Farms-Bronx River
"36005006700",Melrose South-Mott Haven North
"36005006800",Soundview-Bruckner
"36005007000",Soundview-Bruckner
"36005007300",Melrose South-Mott Haven North
"36005007500",Melrose South-Mott Haven North
"36005007700",Melrose South-Mott Haven North
"36005007800",Westchester-Unionport
"36005007900",Melrose South-Mott Haven North
"36005008400",Soundview-Castle Hill-Clason Point-Harding Park
"36005019900",Highbridge
"36005019700",West Concourse
"36047114400",East New York (Pennsylvania Ave)
"36005020100",Highbridge
"36005021302",Highbridge
"36047015200",Dyker Heights
"36005021200",Parkchester
"36005021301",University Heights-Morris Heights
"36005021800",West Farms-Bronx River
"36005021501",University Heights-Morris Heights
"36005021502",University Heights-Morris Heights
"36005021602",Parkchester
"36005021900",Highbridge
"36005022000",East Tremont
"36005022500",East Concourse-Concourse Village
"36047056100",Greenpoint
"36005022300",West Concourse
"36005022401",Pelham Parkway
"36005022702",Mount Hope
"36047092400",Brownsville
"36005000200",Soundview-Castle Hill-Clason Point-Harding Park
"36005036901",East Tremont
"36047000501",Brooklyn Heights-Cobble Hill
"36005036400",Eastchester-Edenwald-Baychester
"36005007200",Soundview-Bruckner
"36005012101",Morrisania-Melrose
"36047035601",West Brighton
"36005005400",West Farms-Bronx River
"36047050801",Flatbush
"36005002701",Mott Haven-Port Morris
"36005006200",West Farms-Bronx River
"36005028700",Spuyten Duyvil-Kingsbridge
"36047051001",Flatbush
"36047079601",Prospect Lefferts Gardens-Wingate
"36005023100",Mount Hope
"36005024100",Mount Hope
"36047051602",Flatbush
"36047079602",Prospect Lefferts Gardens-Wingate
"36005038200",Williamsbridge-Olinville
"36005039600",Williamsbridge-Olinville
"36005015100",Morrisania-Melrose
"36005041500",Bedford Park-Fordham North
"36005042901",Norwood
"36005044901",Woodlawn-Wakefield
"36005000100",Rikers Island
"36005000400",Soundview-Castle Hill-Clason Point-Harding Park
"36005001600",Soundview-Castle Hill-Clason Point-Harding Park
"36005008500",Longwood
"36005013000",Schuylerville-Throgs Neck-Edgewater Park
"36005013200",Schuylerville-Throgs Neck-Edgewater Park
"36005013500",Morrisania-Melrose
"36005013800",Schuylerville-Throgs Neck-Edgewater Park
"36005014300",East Concourse-Concourse Village
"36005014400",Schuylerville-Throgs Neck-Edgewater Park
"36005014900",Morrisania-Melrose
"36005015500",Crotona Park East
"36005016000",Schuylerville-Throgs Neck-Edgewater Park
"36005016100",Crotona Park East
"36005016200",Schuylerville-Throgs Neck-Edgewater Park
"36005016300",park-cemetery-etc-Bronx
"36005016500",Claremont-Bathgate
"36047004400",Bay Ridge
"36005008900",Hunts Point
"36047093200",East Flatbush-Farragut
"36005009200",Westchester-Unionport
"36047110400",East New York
"36005009800",Westchester-Unionport
"36047011900",Park Slope-Gowanus
"36047016600",Dyker Heights
"36005008600",Soundview-Castle Hill-Clason Point-Harding Park
"36005008700",Longwood
"36005011000",Schuylerville-Throgs Neck-Edgewater Park
"36005011502",Hunts Point
"36047111600",East New York
"36047030500",Crown Heights North
"36005002800",Soundview-Castle Hill-Clason Point-Harding Park
"36005002000",Soundview-Castle Hill-Clason Point-Harding Park
"36005002300",Mott Haven-Port Morris
"36005002400",park-cemetery-etc-Bronx
"36005002500",Mott Haven-Port Morris
"36005002702",Mott Haven-Port Morris
"36005003500",Mott Haven-Port Morris
"36005003700",Mott Haven-Port Morris
"36005003900",Mott Haven-Port Morris
"36005004300",Mott Haven-Port Morris
"36005004400",Soundview-Bruckner
"36005004800",Soundview-Bruckner
"36047076800",Midwood
"36005016700",Claremont-Bathgate
"36005016900",Claremont-Bathgate
"36005017300",East Concourse-Concourse Village
"36005016600",Schuylerville-Throgs Neck-Edgewater Park
"36005017500",East Concourse-Concourse Village
"36005018400",Schuylerville-Throgs Neck-Edgewater Park
"36005018900",Highbridge
"36005019300",Highbridge
"36005019400",Schuylerville-Throgs Neck-Edgewater Park
"36085022800",New Springville-Bloomfield-Travis
"36085024401",Charleston-Richmond Valley-Tottenville
"36005011800",Schuylerville-Throgs Neck-Edgewater Park
"36005012102",Hunts Point
"36005012300",Crotona Park East
"36005012500",Morrisania-Melrose
"36005012701",Hunts Point
"36047119800",East New York
"36047094600",Rugby-Remsen Village
"36005042902",Norwood
"36005040900",Van Cortlandt Village
"36005041100",Bedford Park-Fordham North
"36005041300",Bedford Park-Fordham North
"36005041400",Woodlawn-Wakefield
"36005041800",Woodlawn-Wakefield
"36005040800",Williamsbridge-Olinville
"36005041900",Norwood
"36005042100",Norwood
"36005042200",Williamsbridge-Olinville
"36005042300",Norwood
"36005042400",Williamsbridge-Olinville
"36005042500",Norwood
"36005042600",Woodlawn-Wakefield
"36005043000",Woodlawn-Wakefield
"36005035100",North Riverdale-Fieldston-Riverdale
"36005035600",Eastchester-Edenwald-Baychester
"36005035800",Eastchester-Edenwald-Baychester
"36005035900",East Tremont
"36005036100",East Tremont
"36005036300",East Tremont
"36005036502",East Tremont
"36005044800",Woodlawn-Wakefield
"36005036700",East Tremont
"36005036902",East Tremont
"36005043500",park-cemetery-etc-Bronx
"36005043600",Woodlawn-Wakefield
"36005044200",Woodlawn-Wakefield
"36005045102",Woodlawn-Wakefield
"36005045800",Eastchester-Edenwald-Baychester
"36005046201",Co-op City
"36005046202",Co-op City
"36005004100",Mott Haven-Port Morris
"36005048400",Eastchester-Edenwald-Baychester
"36005037200",Williamsbridge-Olinville
"36005037000",Williamsbridge-Olinville
"36005037300",East Tremont
"36005037400",Williamsbridge-Olinville
"36005050400",park-cemetery-etc-Bronx
"36005051600",Pelham Bay-Country Club-City Island
"36005011900",Hunts Point
"36005024400",Van Nest-Morris Park-Westchester Square
"36005031200",Allerton-Pelham Gardens
"36005031400",Allerton-Pelham Gardens
"36005032800",Bronxdale
"36047006000",Bay Ridge
"36005039800",Williamsbridge-Olinville
"36047088400",Rugby-Remsen Village
"36047088600",Rugby-Remsen Village
"36047089000",Rugby-Remsen Village
"36047089200",Brownsville
"36047089400",Brownsville
"36047089600",Brownsville
"36047004500",Carroll Gardens-Columbia Street-Red Hook
"36047004700",Carroll Gardens-Columbia Street-Red Hook
"36047004900",Carroll Gardens-Columbia Street-Red Hook
"36047005000",Bay Ridge
"36047005201",Bay Ridge
"36047005400",Bay Ridge
"36047005602",Bay Ridge
"36047005900",Carroll Gardens-Columbia Street-Red Hook
"36047006300",Carroll Gardens-Columbia Street-Red Hook
"36047006400",Bay Ridge
"36047006500",Carroll Gardens-Columbia Street-Red Hook
"36047006600",Bay Ridge
"36047006700",Carroll Gardens-Columbia Street-Red Hook
"36047006800",Bay Ridge
"36047007200",Sunset Park West
"36047006900",DUMBO-Vinegar Hill-Downtown Brooklyn-Boerum Hill
"36047007000",Bay Ridge
"36047007100",DUMBO-Vinegar Hill-Downtown Brooklyn-Boerum Hill
"36047007500",Carroll Gardens-Columbia Street-Red Hook
"36047008400",Sunset Park West
"36047008800",Sunset Park East
"36081038302",park-cemetery-etc-Queens
"36047008500",Carroll Gardens-Columbia Street-Red Hook
"36047008600",Sunset Park East
"36047009600",Sunset Park East
"36047009800",Sunset Park East
"36047010000",Sunset Park East
"36047010100",Sunset Park West
"36047010600",Sunset Park East
"36047011000",Sunset Park East
"36047011200",Sunset Park East
"36047011400",Borough Park
"36047011600",Borough Park
"36047011700",Park Slope-Gowanus
"36047012901",Park Slope-Gowanus
"36047012000",Sunset Park East
"36047012100",Park Slope-Gowanus
"36047012700",DUMBO-Vinegar Hill-Downtown Brooklyn-Boerum Hill
"36047012902",Park Slope-Gowanus
"36047013100",Park Slope-Gowanus
"36047013200",Dyker Heights
"36047013400",Bay Ridge
"36047013600",Bay Ridge
"36047013700",Park Slope-Gowanus
"36047013800",Bay Ridge
"36061016400",East Harlem South
"36081044400",Jamaica
"36081058200",Queens Village
"36081108500",Bayside-Bayside Hills
"36081109300",Bayside-Bayside Hills
"36081141700",Auburndale
"36081006202",Lindenwood-Howard Beach
"36061016900",Upper West Side
